{"cameraMode":{"drawMode":0,"name":"Shaded","section":"Shading Mode"},"sceneLighting":false,"audioPlay":false,"sceneViewState":{"showFog":true,"showMaterialUpdate":false,"showSkybox":false,"showFlares":true,"showImageEffects":true,"showParticleSystems":true,"showVisualEffectGraphs":true,"m_FxEnabled":true},"in2DMode":false,"pivot":{"x":0.08543217182159424,"y":0.6773489713668823,"z":-0.7393267154693604},"rotation":{"x":-0.09405381977558136,"y":0.9011924266815186,"z":-0.2465033382177353,"w":-0.34384775161743166},"size":1.6673331260681153,"orthographic":false}